ItemNumber,Description,ItemGroup,UoM,StandardCost
ITM-0001,Flight Control Board,AVIONICS,EA,3367.53
ITM-0002,Air Data Sensor,AVIONICS,EA,2571.08
ITM-0003,Display Module,AVIONICS,EA,2958.83
ITM-0004,Wiring Harness,AVIONICS,EA,2404.99
ITM-0005,Power Distribution Unit,AVIONICS,EA,3993.31
ITM-0006,IMU Sensor,AVIONICS,EA,1845.83
ITM-0007,Carbon Fiber Prepreg (m2),RAWMAT,EA,196.83
ITM-0008,Titanium Sheet,RAWMAT,EA,244.04
ITM-0009,Aluminum Bar 7075,RAWMAT,EA,263.0
ITM-0010,Epoxy Resin (kg),RAWMAT,EA,135.51
ITM-0011,Copper Wire (m),RAWMAT,EA,136.8
ITM-0012,Titanium Fastener Kit,HARDWARE,EA,57.62
ITM-0013,Precision Bearing,HARDWARE,EA,53.84
ITM-0014,Hydraulic Fitting,HARDWARE,EA,44.31
ITM-0015,Rivet Pack,HARDWARE,EA,53.81
ITM-0016,Connector D38999,HARDWARE,EA,48.06
ITM-0017,Torque Wrench Calibrated,TOOLING,EA,1532.55
ITM-0018,Composite Mold,TOOLING,EA,2075.81
ITM-0019,Test Fixture,TOOLING,EA,2776.38
ITM-0020,Calibration Service,SERVICES,EA,153.63
ITM-0021,Environmental Testing,SERVICES,EA,85.75
ITM-0022,Freight Service,SERVICES,EA,178.17
ITM-0023,IT Support Hours,SERVICES,HR,162.11
ITM-0024,Engineering Consulting Hours,SERVICES,HR,164.23
